source_stories_id,ref_stories_id
1917297466,1714320026
1718078005,1717908850
1917255987,1723760370
1917303085,1917397840
1874588129,1839830037
1845754412,1843214780
1917255987,1790305385
1917255987,1917398232
1811008923,1810397990
1917255987,1917398140
1818939208,1816317052
1790751485,1917255910
1791938102,1917257489
1917365351,1755581362
1874617014,1850283132
1917255942,1716307653
1837318547,1835438476
1799166719,1791565402
1836417862,1836105855
1821404472,1917298850
1917255961,1917439819
1867582025,1832708609
1917428748,1715843348
1819628041,1917365322
1917428207,1917336244
1917255987,1812216201
1795540927,1795436887
1709273095,1707540282
1818950022,1917296468
1877555062,1726233534
1826936530,1917300583
1720483308,1917262980
1917255899,1917428192
1802771409,1917255753
1795571149,1917336431
1796323474,1796189302
1832523885,1917336410
1795640984,1917301604
1838905685,1838817355
1804400037,1917369541
1816993149,1917336680
1792339335,1791781700
1874589108,1874610830
1917410991,1917418893
1837318547,1782355575
1844228440,1844153490
1917255987,1917397826
1715579769,1714992466
1917255987,1814252850
1716861294,1917255997
1917302278,1825519668
1796812311,1796397703
1834149888,1917294903
1797931581,1917365278
1869364743,1869225649
1791418075,1910929676
1791397336,1783065159
1917255987,1783902665
1871056612,1917336258
1834549943,1917397949
1799143079,1917295839
1787056308,1917255887
1804186455,1917308953
1840895773,1840674628
1798352799,1917336115
1841705843,1917397769
1796907238,1917336122
1781343747,1917365433
1823564406,1917255752
1789727044,1917255947
1843391410,1917365143
1800180149,1799962741
1788514023,1784490562
1720483308,1718614557
1917336728,1780266518
1917303085,1821283680
1857957539,1917336378
1796923724,1917307999
1874822301,1723144459
1835305989,1835745533
1847093919,1917365089
1798280488,1793714755
1851750409,1851547771
1834393074,1917336742
1917255987,1917398080
1784764890,1784308998
1782030201,1917255847
1874567658,1874687937
1808624754,1808242942
1841084304,1917457951
1917336728,1917255684
1821465781,1917365210
1813762717,1917255767
1760851679,1759936558
1917303309,1845412972
1837318547,1802745427
1833378767,1917458793
1797156524,1792242982
1836142606,1917257392
1917263219,1782289098
1917255987,1917398064
1917365351,1775671274
1716927086,1917295416
1877842180,1808435323
1721233604,1917365103
1716793994,1716150664
1791422091,1791116213
1917255987,1720791570
1884430652,1917255856
1840877975,1841127782
1731974568,1832708609
1917255987,1917397813
1876855989,1917255972
1853015434,1795679839
1917365397,1714320026
1814229912,1897095401
1787374245,1917336121
1851011346,1845986849
1806006374,1805914927
1917398158,1917411625
1917255987,1917398134
1857957539,1857831840
1855997107,1917365448
1917410919,1917418384
1917255987,1917397890
1917255987,1917397975
1852542370,1917256010
1878564414,1917365449
1822374561,1917297729
1917255987,1917398192
1873043196,1917439458
1860689995,1810018781
1786372221,1917261064
1787056304,1784758713
1871525538,1825519668
1791697317,1791341000
1847034487,1917336482
1813685393,1800270425
1808287691,1917336114
1917410919,1791882238
1734201112,1732760234
1723032956,1722275458
1781835505,1917336381
1837318547,1787752157
1847795630,1723155116
1868448259,1874669301
1719126881,1917336483
1795070108,1794836654
1917255987,1808344720
1716234347,1716049503
1917255987,1837336988
1871497322,1835873346
1917255987,1824401141
1888869425,1888814354
1850975979,1917256001
1917420048,1720922841
1723286858,1723085181
1839377957,1917297466
1790456722,1917298277
1820188767,1810235787
1820163471,1917258509
1810965981,1809898227
1871134226,1917411108
1917255745,1917398240
1917255987,1800221757
1908173895,1906729987
1882133207,1917365148
1832408068,1917365472
1917255817,1833605653
1837318547,1785513358
1836102288,1917257392
1716812036,1917308079
1895903343,1895568687
1841705843,1784739211
1783411281,1781335321
1840652939,1838782830
1736158501,1736726995
1917305409,1786140303
1835058647,1917365065
1794337075,1917397969
1839116791,1917255992
1871056612,1917255813
1917428748,1713146859
1808264333,1917365094
1791636223,1917397379
1790628643,1917260034
1832347141,1917255699
1800644050,1789234585
1917255987,1917398149
1791319728,1791290493
1842439185,1917255980
1791776681,1786839925
1787655502,1917255761
1781256724,1917294781
1811649739,1917336504
1917398071,1917365465
1839868651,1917299709
1803281070,1803149477
1864852229,1863677864
1784827355,1917397366
1833780348,1917262407
1797932555,1796427868
1802440101,1831652763
1721339908,1720722430
1791397253,1717873495
1848931257,1724331363
1917336577,1917336382
1825578667,1820000218
1837173648,1917458499
1803281070,1803554949
1749691901,1917365153
1807155966,1807073340
1794337075,1917421952
1804269438,1917298081
1722672962,1722458557
1819760349,1917256006
1797105049,1796189302
1720168165,1917336149
1917255987,1917397835
1825543841,1917365149
1898606618,1794273704
1798058466,1917306237
1917336352,1917365319
1716812036,1776112058
1836616007,1917298150
1820509828,1819796032
1847093919,1845652678
1813631126,1813124836
1917255987,1917398182
1917407411,1788359480
1839830037,1791911763
1824823017,1806280670
1716872172,1716196958
1800644050,1917410919
1917255826,1917398205
1823364389,1795404406
1796812311,1785278890
1825551842,1719921408
1786372221,1917255833
1817292583,1917336168
1907263184,1917263337
1878658667,1782384493
1783411281,1781485662
1917255987,1744902575
1793159283,1784576180
1917255987,1917398115
1850867816,1897570121
1714992623,1714089919
1835188748,1832982279
1917255987,1792894336
1799202265,1714320026
1829926657,1917336588
1917255987,1808036350
1782226278,1917308190
1917336603,1917458800
1795558316,1795416132
1819892132,1819807254
1795493593,1917428488
1720168165,1917293738
1792644530,1917336766
1839874896,1917336321
1800815577,1917255726
1709557348,1917308098
1917255987,1917398112
1821477784,1724969163
1911860035,1728418613
1798290569,1794891444
1830445649,1828648019
1835042850,1834404143
1917255684,1716945625
1834320753,1834199652
1736021169,1730118263
1801890504,1716216794
1917255987,1874688171
1793159283,1787342878
1733010953,1732671691
1723051537,1722569274
1792215894,1791193754
1806006374,1805129309
1917255987,1788960495
1781044948,1009329023
1917255987,1831652763
1842018723,1841680489
1716745852,1715607507
1792338735,1917336754
1796308449,1917336648
1791607564,1917293733
1917255987,1917398120
1874573207,1874687757
1835440628,1917257816
1800221720,1917336639
1790628643,1917255692
1785374080,1917304809
1860896028,1917365147
1787406439,1917294311
1834247869,1917294903
1802148670,1917255882
1719298499,1917297498
1837599226,1917336608
1836493851,1917299045
1736021169,1716184328
1818959972,1819489575
1871497322,1917255817
1798043149,1797646294
1917398071,1723026202
1917255987,1785162892
1841705843,1840870710
1790751485,1917302453
1917398289,1714567807
1798459753,1917302222
1828143420,1782196531
1818249452,1817023598
1717786926,1717729879
1836972216,1834638632
1803281070,1917397377
1784835732,1781335321
1734764764,1917255844
1783411281,1917365319
1843518809,1841413663
1917255987,1917398086
1790266345,1897095401
1825543841,1917255930
1824549229,1917308080
1846702069,1844153490
1917255987,1917398104
1852400341,1851789687
1917255987,1917398167
1917336603,1833517348
1786107136,1784501200
1840805559,1841127782
1917365397,642022464
1842439185,1917365324
1857265925,1874573207
1917255987,1917398166
1842279568,1917255794
1795744016,1789783174
1842018718,1917365142
1896575344,1917302261
1825491121,1917336532
1898358722,1877413297
1835001000,1917297466
1808146546,1917258306
1728732002,1917365397
1847093919,1917336686
1883948884,1790282791
1730726847,1730637791
1829784298,1813087559
1872044202,1822100265
1917255816,1781264068
1840652939,1917397947
1821838329,1787555498
1795558316,1917428354
1917255987,1917444313
1716872172,1716747352
1917255987,1884665700
1842916640,1917297521
1850907108,1844057345
1715491056,1715319085
1888988523,1784570342
1839855559,1839817930
1917255987,1917398196
1844258929,1917458535
1815377704,1917258500
1820495230,1917259334
1800137300,1800127018
1799143079,1917365139
1736021169,1917336637
1899010993,1796397703
1819760349,1917261801
1917255987,1800444800
1867324700,1850283132
1823622028,1917255815
1782158078,1781225392
1917255987,1917397940
1917255987,1789334993
1787421666,1917365465
1823424323,1821548731
1917398216,1917415518
1834878451,1834536259
1852542370,1917336574
1787655502,1785162892
1842375294,1842150431
1856879829,1856502336
1816364122,1803431711
1917255853,1917304809
1917336352,1917297815
1917255987,1917398087
1874822301,1719921408
1804618603,1917296268
1820509828,1820262315
1802636156,1794273704
1841084304,1917428605
1796812311,1795228204
1837599226,1917256362
1835109584,1917255704
1783411281,1917336749
1834440577,1832982279
1917297587,1917397946
1820577894,1917257230
1788572273,1917336112
1800998187,1716211105
1723119747,1722770695
1772567493,1723233631
1917255987,1809270045
1838556805,1838328599
1806500238,1917336499
1858127594,1917336042
1840908963,1917298150
1917428255,1717574085
1832454560,1831630296
1917255987,1917398160
1795540939,1788565257
1731420827,1723157367
1917412114,1790232503
1792613999,1790335672
1723313844,1722932337
1917255987,1792959813
1811789321,1917255718
1808146546,1798527726
1724457188,1917300402
1782873326,1917300883
1817957881,1817152280
1887014732,1812551140
1780709069,1780266518
1852554456,1917296289
1822169256,1813520102
1837256924,1917297466
1790286224,1789580861
1860538436,1917300059
1790286224,1790025398
1800960754,1917255711
1811050560,1917255718
1782169049,1781800433
1917303578,1779871302
1853551423,1824097965
1917255987,1917397969
1716320527,1714581316
1917255987,1917398291
1789217840,1917295092
1716290346,1716168718
1917255987,1786288973
1781835505,1781271634
1917255987,1917397805
1813556424,1717873163
1879537995,1917255919
1823364389,1807001557
1802636156,1783182018
1826151857,1823287187
1842447483,1841127782
1857867489,1917295531
1784621439,1786124097
1797076979,1796650253
1856028981,1917299001
1822822677,1917365144
1917410919,1785776869
1797076979,1917458874
1843098301,1842689923
1917255987,1834308779
1821166593,1917255780
1785252812,1917255748
1917255987,1800975057
1917255987,1784374863
1716802155,1716733694
1917255987,1917397887
1847733886,1917365335
1834290695,1917255822
1909247321,1917263337
1780490632,1917296351
1917255871,1797019293
1819743868,1819626779
1810872906,1810210953
1839957614,1917256150
1721849020,1917294518
1856698602,1850159977
1813631123,1917263546
1884430652,1917336395
1917255987,1785416745
1790845084,1789724885
1834247581,1900290314
1790388207,1917260034
1834885708,1917458572
1799047864,1917297840
1845421186,1917336612
1815430457,1814727872
1917255987,1917397799
1801759503,1800782118
1854907988,1854442003
1803281100,1803554864
1917398234,1723018773
1800922457,1800625794
1795553079,1794827885
1792338735,1786108312
1917255987,1839830037
1827422319,1813187391
1830136581,1719921408
1802529214,1721157704
1804269438,1792082975
1838905685,1917308310
1801794287,1832708609
1800221684,1917304541
1917365465,1716052363
1723990591,1728948038
1796812311,1794273704
1790570357,1790130507
1830136581,1793695442
1871497322,1844879204
1917255987,1917398208
1837600968,1834317808
1876193813,1917308029
1832577904,1917336410
1794413830,1917296121
1917365397,1716168400
1917255987,1755581362
1720882912,1917336716
1714992623,1714473512
1844013365,1844078562
1917421629,1917412078
1834094883,1917266196
1799202265,1917259525
1800180241,1917293777
1917255987,1917397952
1917428729,1716919995
1840087211,1917255794
1917255987,1800582791
1716749622,1917255921
1801000968,1874672651
1784584452,1844262625
1718189697,1917295979
1786566712,1785162892
1723059988,1723017557
1790266256,1917365109
1917255987,1917398314
1832523885,1832335867
1815251433,1844078562
1804496677,1917301440
1840753420,1917336423
1849237765,1917336543
1874570560,1841127782
1795112964,1794228877
1856879829,1856808702
1845937156,1917336256
1720483308,1717514663
1916331641,1852632044
1808291135,1808242942
1807846724,1805441267
1716234347,1716054484
1846791970,1846605581
1782873326,1720922841
1845412972,1780736646
1721007916,1720403137
1831069125,1828514536
1835385495,1832982279
1786228487,1917365067
1810792233,1810235789
1917420048,1718234478
1850826158,1917261642
1709430231,1708925563
1783789498,1917255910
1874610830,1851734835
1917257815,1525589457
1722724482,1722569274
1878658667,1781485662
1836417862,1917255870
1791397336,1790311947
1917255987,1917398173
1821477784,1723018773
1917404070,1742440683
1800744467,1798155228
1917255987,1785708148
1832510347,1832490253
1854386065,1854274925
1833393971,1917255839
1731420827,1775671274
1917255987,1821278946
1917255987,1721010966
1873043196,1917304949
1864852229,1917365378
1917303692,1809541392
1917255987,1917398136
1819971691,1818550728
1820188767,1794273704
1874908207,1917428212
1839377117,1917300834
1791697317,846870980
1839874896,1839205418
1822374561,1917294190
1788709450,1917304302
1917365196,1787555498
1721007916,1720430610
1796812311,1917297466
1917365351,1794725456
1852339433,1900261239
1791938102,1917293733
1790266345,1878658667
1824097965,1792242982
1855572506,1917296311
1917255987,1917397935
1782927739,1782695541
1752762079,1917367786
1796322544,1917255949
1800270425,1800065529
1782873326,1917308152
1837300454,1834638632
1820163470,1810507014
1917398289,1713146859
1917255987,1917398138
1842359724,1907958083
1818865536,1797660355
1917365196,1917397848
1917255987,1808761922
1788979774,1917255947
1716725290,1716052363
1917255987,1917398038
1796132811,1796964539
1795581502,1917307942
1917418384,1917336253
1843530398,1917308476
1799565802,1917293928
1830029775,1829879134
1715031334,1714569427
1917255987,1917398088
1917255987,1917398216
1821556335,1917255938
1909353657,1917336586
1874772201,1917308266
1717688844,1717110155
1783757451,1782453851
1917255987,1917398152
1841216569,1917336374
1917255987,1839873542
1884430652,1839830037
1834136959,1917365092
1822374561,1917255963
1917398124,1917451931
1840991459,1907958083
1728313185,1728107811
1834136959,1917294944
1798219338,1917365098
1842018892,1841127782
1720657135,737966554
1721233604,1720863503
1723201006,1722275458
1829364888,1917258129
1850109278,1917428127
1837318547,1830837797
1781182220,1780541620
1917398028,1722932337
1841263146,1907958083
1734088387,1917255908
1832053663,1917449719
1917365351,1781258459
1822564845,1917294190
1784152277,1917336253
1917336352,1917297466
1917397853,1917411375
1873072791,1917365185
1799067906,1917365400
1917255987,1917255828
1841017496,1841127782
1887014732,1917255684
1917255987,1917427991
1909300603,1909047276
1877555062,1834077865
1917255987,1795679839
1821404472,1917255815
1788735075,1917255947
1917255745,1784374863
1853509583,1832708609
1791146701,1790630768
1821686665,1917336669
1813825829,1813520102
1917255987,1781335321
1800221684,1917308167
1787056308,1917336257
1782226278,1917296508
1844381632,1917336165
1917255987,1917398177
1834041576,1917304054
1797105049,1874591364
1917298662,1917398029
1720177588,1719999224
1841983660,1841127782
1862506434,1832708609
1834549943,1834252059
1811008923,1810390124
1917365351,1824416846
1917301967,1917302482
1884430652,1834549943
1854846392,1917302716
1834247581,1917458800
1917336352,1781335321
1709557348,1709306530
1791565402,1790285317
1871525538,1800808314
1851676184,1842379746
1782416843,1782142011
1743092599,1742909294
1800137054,1798907622
1917255987,1798708143
1878658667,1917336749
1716130343,1917366122
1836952612,1917365145
1799645506,1798557598
1796600564,1917308035
1814399115,1917336120
1801000987,1730153040
1812600256,1917294739
1881300285,1874172732
1785792439,1783551799
1899010993,1794273704
1842593355,1813520102
1801000987,1917300345
1819971683,1819248448
1732113795,1731722163
1917255920,1716774394
1784651964,1844262625
1917398200,1786784608
1723942808,1720863503
1819628041,1917260484
1917255987,1781836380
1790604361,1917255875
1822401587,1821278979
1782980798,1917255888
1844879204,1843168163
1796881789,1917256013
1794413830,1917307795
1917336445,1821278946
1782384493,1917398091
1717688844,1717105845
1917255987,1917397782
1917397853,1917263219
1861568185,1917257036
1832053663,1831619814
1791471116,1790823416
1834247581,1917266196
1917397823,1840888755
1781256724,1917257199
1888327595,1917336370
1783411281,1917297466
1917365351,1917398037
1853772973,1839396628
1844381632,1917257860
1790509798,1790282791
1917255987,1820301235
1728966375,1775671274
1878182825,1876311229
1817193156,1917365097
1917365351,1917397897
1917255987,1917398050
1879537995,1850283132
1783667147,1783551799
1917255987,1917398085
1856990469,1850283132
1716725290,1714919713
1812614924,1812551140
1917255987,1783182018
1811610296,1810507014
1917255987,1782786360
1800893072,1796397703
1801078685,1917296251
1716914997,1917255997
1846816711,1917336610
1917365351,1917397926
1721007916,1720735201
1831951413,1917336451
1720186002,1917293985
1718196059,1717188867
1917255987,1722129448
1917365351,1841049158
1851686703,1874589108
1786488418,1917255725
1917255987,1917397836
1842439185,1917302482
1794452082,1917294394
1844764821,1917336054
1716773840,1917336720
1782124979,1917298720
1790388207,1917255916
1722705525,1722340550
1840753432,1839735966
1782873326,1917336514
1917255987,1791129322
1842580965,1842172923
1917410919,1917458942
1900648659,1917255832
1836639043,1836555746
1845922300,1834580992
1855020083,1917336418
1894871398,1894447843
1732734296,1720697894
1781382767,1721756862
1723032956,1722849153
1781416273,1917300380
1917407397,1917397947
1723059988,1723011741
1917336389,1917260311
1797822355,1795788418
1917400130,1788733430
1801000968,1800625809
1917255987,1783834947
1840735143,1917308608
1822608341,1917256885
1855997107,1917397368
1917255987,1808418278
1790570357,1917336367
1781292501,1917336462
1816714670,1844013365
1917414006,1718863520
1837318547,1789145991
1797944932,1917336047
1917255987,1917398157
1832600582,1826708548
1838998212,1803259265
1795628226,1917365202
1716802155,1716351836
1810872906,1917302973
1917255987,1917398108
1900159153,1835109584
1797335751,1791565402
1723286858,1723067006
1917255748,1716211105
1917365351,1715064319
1800270425,1917255726
1790845089,1917365105
1822267058,1917301593
1782980798,1917293732
1917255987,1713914596
1839377957,1900159153
1806862902,1806732859
1793884925,1791909854
1808208863,1917260187
1796600564,1917304046
1917428748,1917297587
1834440577,1917255732
1917255987,1917397959
1917255987,1917398203
1917255987,1917398041
1798155228,1917308193
1790266355,1786784608
1917255987,1841995007
1911456786,1906254820
1731420827,1730760941
1882133207,1917302468
1878182825,1917293731
1857901986,1856502336
1785438930,1782141999
1917255987,1917398070
1917255987,1917398004
1791349241,1790479722
1860625787,1917336501
1857343821,1917306826
1824549229,1917450196
1909300603,1917308160
1808553054,1808427253
1831660197,1830736055
1822027010,1820000218
1852400341,1842359724
1787850866,1917255885
1799115011,1917300767
1783935902,1917262387
1811649739,1917365110
1791575225,1917295936
1917427999,1917268563
1840982736,1841127782
1719355910,1716351836
1766320429,1722672962
1917255987,1917398143
1850907108,1917298662
1846312638,1723155116
1878658667,1917297815
1810771033,1796160310
1845754412,1841419439
1917255684,1209115506
1836403616,1917336412
1709557348,1917306783
1783411281,1714919713
1834878451,1834283531
1917336352,1714919713
1797335751,1718224451
1797802000,1917300014
1917255987,1917398147
1744081344,1741432033
1845421186,1917336324
1785494383,1784772537
1851114026,1829042887
1716756953,1716444714
1722057221,1917255748
1917255987,1917398100
1814229912,1878658667
1917336594,1794806840
1847861816,1718614557
1787655502,1917411304
1816255352,1812041086
1797335751,1831637634
1721387163,1917294518
1917255987,1917398131
1800940403,1917258306
1917255987,1917398197
1785487333,1917296508
1917428729,1716290346
1821486172,1821307592
1807422981,1806840427
1835405693,1835312429
1828143420,1782996458
1792242690,1917293733
1917336594,1791105411
1815521902,1795740289
1788709450,1917255947
1738356796,1738269857
1717855670,1917306478
1795225555,1721182736
1790628643,1917365109
1837256924,1821148907
1839830037,1917397951
1797335751,1784374863
1822027010,1917365226
1785559796,1917255800
1783866397,1781171137
1917297775,1798011168
1708082983,1707540282
1917336694,1714473512
1917365397,1713146859
1848169629,1917298168
1714731531,1714356674
1859675323,1917264203
1837318547,1820292481
1780732373,1917255762
1819971691,1917308150
1917365225,1917336780
1832708609,1716769250
1876570188,1716376214
1879537995,1917255738
1806725301,1719583106
1917255814,1719139604
1810872906,1810743239
1917398310,1917398234
1848805695,1917365261
1797076979,1874674148
1829926666,1917336443
1739447318,1917257433
1834878451,1917412061
1837482229,1917260311
1917255987,1814229606
1877555062,1724331363
1728775473,1917336466
1834242238,1917336218
1842634371,1874568749
1785559796,1736726995
1782285228,1782130551
1841481433,1917450718
1917255987,1818703019
1851750409,1874589108
1826813922,1897095401
1800650372,1917255726
1723633446,1722828315
1719293143,1917336759
1808826044,1808761922
1782158078,1711782660
1917398078,1917428001
1917255987,1917397971
1907263186,1917308087
1790845089,1790167989
1785639536,1784576180
1917255987,1782775591
1917255987,1782695541
1812689976,1917336123
1810056337,1917336478
1857867489,1917306600
1799140587,1917255814
1783667147,1783395891
1805559178,1917255745
1917303085,1917397834
1917303692,1805870257
1842018718,1917397378
1824485454,1917302601
1784764890,1785840367
1784751272,1783815052
1917255731,1797345087
1822222406,1821821785
1796414159,1917271611
1917398078,1917428017
1833264220,1809686464
1917365351,1719583106
1808146546,1796552651
1721816254,1917307702
1720922780,1917397373
1860896064,1917303792
1790634297,1917257815
1917428690,1723067006
1917397954,1907958083
1847967260,1917255782
1823965359,1823454551
1814252207,1917255750
1791436033,1716189627
1723436749,1917255705
1837134468,1917255686
1842439185,1907958083
1917398007,1716945625
1786362551,1917307955
1844548231,1917336449
1718139831,1718004603
1917255987,1917398256
1737364919,1720292007
1767643409,1720483732
1723436749,1722664388
1823424323,1917257031
1720999646,1717598493
1857901986,1917365225
1835385495,1917255770
1917255987,1917398001
1837599226,1836334556
1917255987,1917397972
1917255987,1874568077
1876193813,1841569728
1846103706,1845751489
1799155921,1917336502
1917407411,1785649949
1842411929,1917297500
1811694774,1810507027
1813556424,1917303692
1848130553,1823622028
1811126799,1917428358
1852554456,1874689535
1800922457,1798787253
1797943759,1917255700
1917255987,1740040336
1837229665,1917365213
1917255987,1917397928
1874573207,1851734835
1715843348,1917307918
1841429298,1839830037
1887221319,1822027538
1788712231,1784490562
1717290547,1717155852
1795694550,1792651127
1872264991,1917308208
1809176551,1917303732
1822424021,1917407800
1808287691,1917307943
1716413408,1917308225
1917398224,1723018773
1790008907,1789538874
1842018892,1841251726
1793175424,1716376214
1846312638,1722644081
1783046265,1917336381
1801191177,1801012731
1917255987,1917397945
1875564264,1917294117
1890772749,1917336653
1831793895,1917296010
1917255987,1755500819
1841419439,1917398114
1800221684,1917296407
1783067061,1782955005
1844764821,1844500811
1821395840,1917255780
1801000968,1917257374
1917255894,1917255813
1917307604,1714177643
1917255987,1788513127
1784651964,1798761456
1917255987,1797143663
1837256924,1810235787
1800744467,1797660554
1841084304,1917428596
1839874896,1917304616
1884487510,1917365279
1799143079,1917336628
1790388207,1917255692
1840735143,1837855075
1782511954,1761497850
1775656028,1898087511
1785927609,1784847954
1784651964,1917336067
1716410243,1713146859
1917255987,1836907859
1849970419,1845239388
1804618603,1917336225
1787697443,1770696666
1725215812,1917365207
1917298659,1787555498
1807779038,1806750399
1782873326,1781206781
1917398216,1917415494
1859602422,1917295580
1826952815,1822679207
1796812311,1793671275
1796132811,1796110837
1834473170,1917258659
1917258659,1801114578
1917255987,1917397963
1795832372,1917303366
1917255987,1800127018
1782980798,1917336043
1717133739,1716210421
1808624754,1808162168
1817292583,1917304952
1801000968,1917295687
1841419439,1835886001
1729790235,1917303717
1711437370,1917336554
1800221757,1917298950
1831631849,1917397374
1780559908,1780493225
1721757831,1917365460
1853509583,1829888138
1917255987,1917398055
1818029863,1917255861
1715031334,1714050452
1842018884,1841127782
1784729025,1784362757
1787737864,1782289098
1780646333,1779871302
1899010993,1795228204
1714998984,1917255956
1917255987,1917398161
1786948938,1786419072
1784381017,1917307957
1917398332,1917412409
1720750366,1719863793
1835742569,1795228204
1858105478,1917308273
1836151017,1832088158
1917300345,1834473170
1796627835,1917304505
1795522321,1832008732
1917255745,1713896594
1917255987,1917398077
1917428748,1716052363
1838905753,1917397265
1715749909,1714570043
1800758393,1917257374
1792477862,1917365351
1783046265,1720981793
1800893052,1800625809
1857957539,1917295531
1807779038,1807070960
1722354736,1917336224
1821344913,1820294096
1782980798,1917260312
1803966888,1777072449
1898606618,1897258504
1853295578,1917255899
1797335751,1717133739
1786107136,1792260797
1873043196,1917298632
1788539315,1782289098
1917365351,1740040336
1854846392,1834631206
1834878451,1917365065
1917336594,1797429676
1795640984,1792242982
1917255987,1917398224
1867324700,1917255974
1884430652,1917365271
1839868651,1797019293
1821166593,1811166899
1795558319,1790823416
1832577904,1917336751
1716725290,1714320026
1722005863,1721880478
1917255987,1917257230
1892085775,1917308076
1825551842,1821278946
1824097965,1814268885
1846312638,1917397371
1917365465,1716769250
1831951413,1917336524
1796907238,1874674148
1905707525,1917294493
1892977721,1917308076
1898606618,1917365216
1717729278,1716168400
1786527169,1917299709
1907263186,1917397367
1917255748,1716839851
1759312780,1917255939
1917300704,1744774672
1917255987,1798122807
1917263219,1783666110
1826982250,1826805567
1850784210,1917255843
1786362551,1917365108
1832600582,1917336284
1917398216,1917415475
1782216010,1917293724
1839874896,1839308160
1832590326,1917306723
1793366362,1917256976
1739447318,1917294260
1874568077,1851734835
1917336244,1917438587
1837318547,1832552295
1917255987,1917397962
1799246049,1792726272
1812075112,1917294982
1909353657,1917294861
1917411319,1800958664
1917410919,1917418756
1831762848,1797833789
1781343747,1917294781
1814243586,1814165800
1787655502,1714049281
1895793622,1895568687
1783411281,1782858930
1782077508,1917293724
1812600256,1917365400
1752103119,1917365350
1716290346,1716183079
1797076979,1874570820
1849446697,1869045083
1815377704,1917294229
1720922780,1917365451
1834144371,1917294341
1843128634,1917301967
1917397995,1785162892
1784668421,1917296238
1721233604,1720791570
1824097965,1790170753
1878182825,1877657294
1798155228,1796701642
1834149862,1917257816
1791397336,1917366199
1796323474,1874591364
1723436749,1719139604
1849859287,1917299848
1839830037,1837174068
1917302278,1809795241
1794524285,1730002908
1767643409,1718614557
1836417862,1917259702
1846181394,1874570560
1782196531,1721756862
1780646333,1780541620
1718792077,1917297498
1917255987,1858729029
1819628041,1917295676
1799861409,1917336245
1790456722,1917397369
1917365351,1716210401
1917398013,1832985840
1815251433,1844013365
1890394296,1890247212
1794888027,1917307115
1783411281,1917297815
1845412972,1842147662
1789285546,1917263546
1720788973,1917255707
1717183859,1717106435
1798352799,1796463396
1840951134,1834793502
1871031469,1917336113
1826304311,1917255750
1732734296,1832845692
1846093122,1917295748
1799140587,1917300704
1782087823,1781836380
1722483706,1722112291
1916066479,1915170001
1721885238,1720292007
1788574520,1723602533
1796294164,1796251893
1811756530,1808226079
1799045665,1730002908
1790628643,1790217648
1834631247,1917365390
1917263971,1723017557
1804779131,1799313945
1842634371,1917255770
1917365351,1812796313
1837482229,1834580992
1917410919,1917420085
1842634371,1834631206
1917365351,1841889069
1917255987,1917336684
1836105855,1917300280
1851609621,1874641301
1917255987,1917398113
1917255987,1917398244
1917255987,1917398204
1797167691,1874672353
1837300454,1917336277
1917428045,1809941597
1814229912,1784668421
1917255987,1781751689
1810771033,1794806840
1717819967,1717511760
1917398124,1917428199
1878658667,1714919713
1792338735,1917302325
1791776681,1785336884
1822267062,1821498780
1721488307,1719921408
1832600249,1917258277
1840782239,1840652939
1730982237,1722764933
1917255816,1716211105
1917255987,1917398209
1798321293,1917264762
1917255987,1842736805
1832708609,1714567807
1718196059,1716184328
1795225551,1917257250
1782216010,1917255847
1917255987,1917398051
1854578646,1917336774
1788979774,1917304302
1784381017,1917365056
1917428045,1809211598
1917398158,1917412143
1917255853,1745010960
1806221168,1805687593
1720922780,1917336509
1840939203,1841127782
1843098301,1917256790
1840201119,1917365327
1783892804,1917365099
1846103706,1917397268
1832523885,1917458706
1797335751,1784668421
1917255987,1808330802
1819760349,1917336526
1796124739,1917255949
1799202265,1722116793
1786372221,1917336119
1782876839,1917336527
1835262348,1834754887
1917255987,1917398220
1794337075,1787450745
1782873326,1716211105
1917407411,1917414650
1917255987,1917398184
1821465781,1917257548
1917255816,1917371970
1795640984,1917336678
1837241870,1917458510
1917300345,1917262980
1820509828,1781908766
1917255987,1917398109
1834442790,1900290314
1799557663,1799219694
1800108499,1917336522
1846799637,1917255842
1721233604,1720949085
1917255987,1917398296
1815104159,1917336407
1917297587,1730002908
1836655006,1834252059
1721816254,1721558021
1917255987,1917397811
1888224594,1917336647
1813216181,1813091157
1795225555,1789783174
1828859553,1917258129
1791438041,1910929676
1877842180,1856502336
1917398208,1917304809
1792227496,1786784608
1782169049,1782089798
1917255987,1917398072
1917255987,1809322989
1813556424,1809541392
1783789498,1917365116
1790266363,1917365109
1724082078,1917303862
1917336445,1719921408
1856698602,1917255774
1884430652,1846210451
1917428685,1917336244
1782180282,1009329023
1808146546,1723233631
1917255987,1917397991
1868448259,1917299709
1807779038,1917336723
1858043336,1850283132
1879036582,1878972093
1790132128,1716184328
1917297466,1716456306
1917410919,1917418525
1837398765,1837336988
1872044202,1797188101
1794432804,1917307795
1917255987,1814450787
1824097965,1795574562
1838998212,1722623074
1849091373,1869045083
1917255987,1917397816
1819839583,1819796032
1837857970,1837336988
1789477427,1917296280
1917255987,1716211105
1917336577,1718782379
1873008554,1872331387
1917305409,1917397898
1834247593,1834100399
1847386167,1917336605
1834320753,1834266905
1841195276,1917255729
1835042850,1917299627
1860896028,1917295531
1715031334,1714567807
1853866124,1851686703
1878658667,1917295057
1836725977,1836623093
1860896064,1850283132
1721885238,1917308118
1785320443,1917304809
1917398332,1728069377
1917336448,1917428119
1917398305,1718863520
1834793502,1834650012
1839377957,1838312685
1783635794,1782510593
1842272158,1917308522
1822608341,1917255772
1877929328,1877735585
1917303732,1717575041
1716812036,1716052363
1840966689,1917398218
1857901986,1813164906
1917303085,1917397829
1917255987,1917397780
1824097965,1791565402
1874570560,1917397853
1787056308,1784431945
1826952815,1821706459
1810872906,1810235789
1847588320,1917308446
1853006640,1917365112
1820440929,1917397370
1850109278,1835067469
1845358503,1835365962
1822458124,1723018773
1821166593,1785689267
1846103706,1917255905
1917428228,1917271097
1782927739,1917308152
1917336592,1716286597
1846634335,1917336473
1828143420,1811501612
1873156365,1917263029
1855659999,1845687577
1848359276,1907958083
1917297500,1917397834
1723119747,1722569274
1722074564,1832741754
1717729278,1717674683
1849859287,1917294579
1782412746,1781188648
1716468190,1716183079
1855020884,1854848304
1734256924,1917255844
1877934766,1873443368
1790266256,1917255916
1917255987,1801114578
1807719245,1917365063
1720922780,1917397267
1917300345,1917304021
1808624754,1808226079
1839874896,1917336745
1917336352,1917295057
1721288347,1917308118
1783603808,1917295057
1818117608,1917255861
1721885216,1721588810
1849258383,1917336761
1834121513,1917397376
1917336352,1782858930
1917255987,1917397897
1917365351,1723080221
1852400341,1874589108
1917336694,1917397767
1798280488,1720922841
1917336707,1874610830
1722005863,1721444049
1840334375,1907958083
1813556424,1805870257
1782216010,1917365285
1917255987,1917398186
1894056972,1917336460
1821404472,1820274430
1774784143,1917255766
1785033555,1917255818
1781044948,1780363395
1858127592,1917257547
1810771033,1917336594
1784668421,1780363395
1917255987,1917397817
1781343747,1917257199
1787552775,1727910953
1896575344,1896365820
1772579189,1917255766
1917255987,1917397924
1742664325,1917304664
1917255987,1917397761
1798814216,1917297138
1721880629,1721376971
1917428729,1717266802
1840909420,1841127782
1838905678,1917255991
1832577904,1917458706
1834878451,1716284603
1804400037,1802906465
1821701711,1821465781
1822374373,1917255912
1720999646,1720484547
1782141995,1917255761
1917255987,1917398217
1917300345,1717514663
1822267058,1821548731
1840979531,1841127782
1799140587,1783567969
1847034487,1917303309
1837318547,1789253688
1775656028,1917308099
1830736055,1830345062
1844381632,1917302117
1803983981,1786249178
1843098301,1917458832
1917255987,1845922300
1787553561,1787139432
1917255987,1917398274
1716950695,1917308520
1917397817,1917411528
1917297587,1794693936
1844381632,1917397380
1709430231,1709306530
1808192205,1805870257
1917428210,1917336448
1836403616,1917302637
1820812956,1820274430
1917255987,1830866282
1835001000,1821148907
1717712798,1917440107
1782030201,1917293724
1829907849,1829493955
1805368688,1802784622
1800444800,1917304541
1825460332,1917304375
1840798624,1832708609
1917255987,1917398172
1717565894,1917365228
1780709069,1721212068
1917336707,1842379746
1792242690,1917257489
1822267058,1917255749
1917398279,1796397703
1917398141,1917415515
1846312638,1917336566
1917255987,1917398215
1800221720,1785185151
1786107136,1716210401
1874553222,1917428596
1814533068,1809686464
1797335751,1796876324
1917336577,1718691965
1842916640,1836031756
1917411213,1781866456
1917255987,1917398127
1785559796,1731914992
1888224594,1917255925
1912749442,1917297408
1871497322,1719054720
1790266363,1917255916
1805012164,1804417557
1782733675,1917297815
1722771185,1722644081
1708207258,1707192050
1851481763,1850165424
1917255987,1722828303
1917255816,1781206781
1717039027,1917301243
1917300345,1835062517
1791446755,1791229854
1788809973,1917303426
1799412522,1917365325
1731420827,1724110869
1820239587,1821222990
1790196394,1789583999
1784470082,1917304809
1835746411,1917308075
1835058063,1822424021
1791636223,1917298816
1823364389,1917255801
1791349241,1790516060
1917255938,1917407899
1808146549,1782915198
1783815052,1781335321
1917255987,1917398163
1917255987,257804680
1809911607,1794273704
1741661435,1917255844
1867476978,1917255717
1847588320,1917336452
1822822677,1917260593
1788514023,1917458555
1784668421,1782057494
1832088158,1716183079
1794432804,1917256254
1785265246,1917415351
1845693219,1874628746
1802280460,1917294668
1855578581,1917336621
1917255987,1917398227
1794488725,1832008732
1917418990,1707305002
1871525538,1809795241
1917303085,1836357798
1831903016,1917336690
1917398305,1716196073
1786579624,1798761456
1917255987,1917398128
1783789498,1783363551
1917304809,1745010960
1917303085,1917397773
1853295578,1917428192
1823622028,1917297719
1917255987,1841413663
1839830037,1836031756
1816299526,1917336633
1845412972,1841017496
1788737913,1917262980
1785276458,1917365222
1917255987,1789518372
1871497322,1836753619
1834440577,1834189429
1917336389,1832982279
1917297587,1917428748
1917255987,1871134226
1787507207,1785418424
1782873326,1917371970
1827831949,1917297532
1808826044,1808730497
1717729278,1917368809
1882875876,1877555062
1837318547,1779871305
1894243875,1917301030
1714638988,1714275782
1859606448,1850283132
1722354736,1722125460
1783874997,1783470689
1917255987,1890685106
1917255987,1917397781
1793812878,1793019995
1798491723,1917264762
1917255987,1917398179
1887014732,1917336546
1917398071,1721330422
1807616420,1917365464
1917255987,1788251363
1834149862,1917256563
1917255987,1917398145
1917255987,1917397904
1817292583,1917255831
1863848711,1917255817
1917428681,1917336244
1917365238,1917397770
1874588129,1917308608
1846737030,1795531906
1850102194,1829888138
1871031469,1917336465
1917255987,1822100265
1784381017,1917336746
1817244929,1801012731
1819548803,1917255909
1917255987,1723080221
1917365110,1917336504
1824492602,1917302640
1838905504,1917295660
1826151857,1823477902
1890309778,1917295897
1805465393,1804759482
1917255987,1917397938
1729813748,1775671274
1810771033,1797429676
1874689535,1851734835
1917303085,1892783806
1834247869,1917256563
1801206429,1917296251
1794432804,1917296121
1787655502,1731974568
1835058647,1917300900
1842439185,1841127782
1917440456,1917267868
1780709069,1780376320
1825491121,1824416846
1809911607,1798011168
1917365351,1907984106
1917255987,1788035238
1917307604,1917401666
1829364888,1917336457
1835001000,1810235787
1800644050,1799166719
1852719188,1917255724
1833129631,1823622028
1814457759,1813970765
1784410535,1784329186
1917300345,1718614557
1824988321,1824376283
1787056304,1783770936
1917255816,1720922841
1820812956,1917255815
1800221684,1917336072
1840951134,1917255992
1917255987,1917398008
1795571149,1917297654
1917365397,1098964056
1793810967,1792355023
1841705843,1716210401
1859240666,1841335078
1917407411,1790285317
1804400037,1799701051
1917407411,1790441537
1780371922,1917336317
1839377117,1917295236
1917255987,1917398169
1719817219,1917256524
1917336352,1781485662
1864852229,1784232912
1834878451,1917398245
1810771033,1791105411
1851676184,1874610830
1810965981,1810606054
1808146546,1784197778
1797076979,1874672353
1801056695,1917304505
1917336740,1834100399
1791880991,1917336396
1917428748,1716927732
1917255987,1793536942
1809911607,1807910408
1841195281,1917255729
1807021542,1917259774
1836142606,1917296383
1872320355,1850159977
1716725290,1716456306
1738173747,1761580531
1844671750,1832530251
1827700943,1917255979
1873043196,1917336491
1820509828,1797825355
1781182220,1917336657
1850862721,1917336388
1791880991,1917255904
1917255814,1789817678
1917255987,1917397768
1835742569,1793671275
1800235671,1917308167
1720177588,1716769241
1721488307,1714177643
1917398279,1795687690
1917398071,1723018773
1845724043,1846902547
1840782239,1841127782
1837318547,1784474539
1716288071,1917428245
1917397930,1782270991
1917255987,1917398264
1842018898,1841569728
1819892132,1819626779
1917255987,1917397894
1844171812,1917301967
1917297587,1917255766
1835387633,1834280109
1788737913,1917336587
1795558338,1917295361
1767643409,1719774109
1794794847,1789498250
1874567658,1917365288
1834878451,1831204584
1917255987,1917398194
1791397336,1917443132
1917336413,1797833789
1853295578,1850283132
1843356269,1874673739
1874772201,1917401367
1718836082,1716184328
1848694767,1917294579
1723286858,1722828315
1917420048,1917422207
1839116791,1834793502
1844323425,1841127782
1821556335,1917255815
1718752324,1917336169
1890684806,1917439617
1800758393,1917295687
1857957539,1917306600
1840798624,1917255826
1782888512,1782775591
1780673945,1780432260
1832782757,1917262407
1824823017,1804759485
1732113795,1775671274
1917365465,1832708609
1917255987,1722623074
1806143165,1787670939
1917255987,1720970816
1887014732,1917336409
1917255899,1850283132
1821404472,1917365456
1822458124,1917336650
1871525538,1870384836
1781382767,1723602533
1877555062,1917397953
1843405836,1841272474
1793366362,1917296227
1917255987,1917256306
1917255894,1917336258
1846181394,1839873542
1840992042,1840888757
1792668687,1792671788
1917398110,1718863520
1784651964,1722943322
1917255987,1917398279
1917303578,1790232503
1781405239,1917255928
1842411929,1837600969
1800644050,1791565402
1728313185,1917296166
1823965359,1822773250
1831951408,1917336510
1795540939,1917255893
1917255987,1728418613
1828143420,1782915198
1795788418,1793536942
1917255987,1917398148
1799068654,1917297840
1848931257,1917255817
1917297815,1781335321
1839799256,1917255742
1831762848,1788539315
1822608341,1819690119
1890309778,1917336653
1917255987,1917397944
1816993149,1917365141
1917255987,1917398162
1852338035,1874598129
1917255987,1830562218
1890772749,1917295897
1823287187,1917365277
1917336372,1834266905
1832577904,1832530251
1793587529,1917295777
1781044948,1790232503
1799115011,1917255776
1917255987,1917398033
1917336352,1897095401
1714992623,1714613977
1825551842,1793695442
1827806989,1827030123
1813709207,1811089435
1799155921,1917336551
1917307604,1708207258
1917255987,1818274090
1785487333,1917308190
1917255987,1782059008
1781320801,1781188648
1718752324,1917336382
1836447450,1717133739
1790509798,1917295034
1917255987,1824416846
1725569966,1724927098
1814229912,1899010993
1917365351,1784344864
1843530398,1843322610
1790388207,1917365109
1844258929,1917294117
1917336443,1917407857
1917308098,1708925563
1851947835,1851789687
1797806212,1917260405
1917365351,1722644081
1790388207,1790107772
1781183387,1917365066
1799510821,1917365268
1725065100,1723886185
1917421952,1780383134
1721339908,1714919713
1802636156,1802893578
1724917044,1716286597
1808377243,1808275216
1785656377,1798761456
1791575225,1917365293
1839116666,1917411418
1734764764,1917255908
1785269331,1917294177
1845743858,1843214780
1787697443,1784651964
1712827232,1712489016
1877929328,1917397266
1848931257,1718310179
1801000968,1800782118
1728233107,1917297499
1716812036,1716725261
1917255987,1917263219
1917365351,1917398282
1877934766,1877657294
1826124629,1917255731
1814605452,1809325314
1917297500,1837518553
1808287691,1808226079
1790845079,1784015279
1720750366,1720735201
1878658667,1781335321
1782877737,1782158078
1917255879,1784434895
1917255987,1917397926
1745449476,1744025617
1790456722,1917304020
1917255987,1917398181
1793660326,1917299685
1917398211,1917415508
1840835091,1841127782
1810872906,1810507027
1781183387,1917336490
1803983981,1917259525
1802636156,1800908342
1917255987,1917397819
1787661016,1917255986
1842272158,1797188101
1834440577,1917365092
1780747249,1714356674
1917302278,1800808314
1917301444,1717133739
1801000987,1717575041
1917255987,1807069250
1792613999,1790390609
1834247869,1832982279
1917336594,1796160310
1840735143,1782081767
1917407397,1917411493
1917301967,1907958083
1791607564,1917257489
1851609621,1851734835
1797943759,1782141995
1820239587,1809850438
1917255987,1848197018
1917255987,1917306826
1810836356,1917336585
1917336594,1398718044
1795558330,1795269635
1795694548,1917299417
1717958826,1917304154
1917255987,1917398106
1911860035,1917255795
1917297654,1917336431
1849937625,642035706
1785276458,1917294177
1917336728,1917336546
1878564414,1878258295
1917303085,1812614924
1841396199,1841127782
1856698602,1855906906
1917412114,1716196073
1728250194,1917303717
1716396333,1716150664
1820188767,1897258504
1799645508,1917306370
1917398134,1917365392
1835742569,1794273704
1826982250,1917303877
1799134220,1784533358
1844262625,1782109693
1717921605,1917428227
1808146546,1917308952
1791436033,1917336694
1790845083,1789834506
1838782498,1917255846
1873072791,1868387293
1917255987,1722798131
1716290346,1716157067
1785597262,1783805743
1716396333,1716168400
1917410991,1784739211
1725569966,1725508637
1722057221,1917262980
1855020884,1917255981
1844405982,1917255880
1841705843,1841127782
1794337075,1793159283
1785416745,1917304809
1727328525,1917336351
1798945571,1917336076
1757618033,1751500360
1835742569,1785278890
1782873326,1782289098
1796600564,1917305114
1720186002,1917293738
1832493015,1917336649
1723502950,1721824200
1917255987,1805230259
1917421952,1917425399
1837134468,1917255718
1917336594,1795811310
1797295459,1917256306
1785487333,1798761456
1917255987,1800151861
1781382767,1917336252
1852667737,1917336542
1795540927,1794876541
1917255987,1787655502
1917255987,1807018748
1724271337,1722828315
1917255987,1793536886
1841705843,1874588129
1821342832,1917255938
1917410923,1722424571
1917303085,1917407762
1837134468,1917255852
1791880991,1917255818
1787406439,1917336727
1874689535,1874687757
1790286224,1790109015
1731420827,1727090658
1917255684,1917398007
1917423356,1917425907
1917255987,1917398034
1917255987,1917398061
1892190598,1891624534
1807846724,1917300137
1784348871,1783666110
1844258932,1839207055
1723502950,1917336611
1917453742,1720791570
1834552684,1917255770
1799738627,1917293928
1726265876,1726039494
1917336113,1874589108
1806862902,1806817690
1826817049,1917365306
1862900327,1729928881
1843518809,1917365196
1810872906,1917336419
1807093912,1917259774
1799645508,1795811310
1917255987,1917397996
1850102194,1832708609
1797076979,1917294432
1845146784,1917336054
1799202265,1713992483
1797105049,1874670404
1848568652,1917299590
1834878451,1831204594
1806867544,1917365114
1909353657,1917262195
1848655772,1869045083
1821556335,1917298081
1917262387,1783395891
1917255987,1791353795
1811756530,1798090351
1790336611,1917294061
1917255987,1783548857
1780732373,1009329023
1834149888,1917256563
1807616420,1806806176
1835742569,1917297466
1917255987,1780528276
1917255987,1714099838
1789462806,1917295328
1821315296,1917301343
1809176551,1717575041
1783067061,1917365399
1708138382,1707192050
1917336547,1917255770
1917255987,1836075182
1917336684,1917297840
1888327595,1917298148
1837134468,1835381632
1721488307,1716914997
1917365225,1856502336
1874772201,1834283531
1782169049,1917297574
1909744675,1917262195
1743927700,1917336472
1823364389,1917336319
1849967075,1850159977
1821718022,1821357299
1852522790,1851768215
1813709207,1813124836
1834247581,1833517348
1917365351,1744902575
1917255987,1917398067
1791194893,1790564247
1783411281,1917295057
1917255879,1783866401
1837318547,1786850349
1783967092,1917418552
1847861816,1716839851
1782169049,1917397375
1791146701,1790878235
1793803629,1792240728
1917336603,1900290314
1721010966,1917365392
1798814216,1798682887
1917255987,1917398237
1783866401,1917255910
1917365351,1812106174
1888988523,1841127782
1848931257,1833605653
1917410919,1788565257
1851905464,1851734835
1781341201,1917336531
1821077660,1917255878
1724082078,1917397372
1819892132,1819796032
1806410785,1917255823
1799146837,1798923814
1917365293,1917255707
1788449405,1917255856
1843009732,1841705843
1917303692,1717873163
1917336728,1917336409
1897095401,1917308099
1853509583,1850102194
1842634371,1900159153
1719355910,1717405846
1718196059,1714177643
1845886973,1917266894
1798280488,1794836654
1848931257,1917255700
1803362106,1803554864
1804277469,1826468386
1917303085,1835852965
1798280488,1795687690
1917255987,1917398014
1813762717,1917336048
1788373992,1788136355
1859380885,1791582592
1802280460,1917261222
1716396333,1716145204
1917412296,1917415515
1917255987,1824916542
1917297466,1776112058
1720999646,1917365309
1917428297,1724612683
1917255748,1715843348
1822822677,1917295386
1917301967,1917398023
1917336445,1793695442
1782077508,1782040033
1823822598,1917336450
1784835732,1745010960
1891066912,1890310023
1917412114,1780459458
1917255871,1917299709
1917365351,1821344913
1840248431,1917308608
1791420094,1790999115
1857901986,1917336780
1815707232,1786140303
1917336367,1790109015
1917255987,1836616166
1822374373,1917259169
1797993220,1795112964
1834144371,1917300275
1717819967,1716250165
1917255987,1917398045
1917297521,1834280109
1917255871,1838850863
1809925358,1917295493
1784815657,1781171137
1917258659,1917398071
1857343821,1917365474
1811213716,1917255929
1804186455,809648624
1793175424,1792276236
1826982250,1826816966
1849722154,1917255880
1917398310,1917410916
1917255987,1917398154
1826327149,1826309741
1821477784,1917255815
1845743858,1841419439
1917365351,1718523907
1917255987,1917398097
1852542370,1917336390
1838471674,1917305303
1810771033,1398718044
1784298793,1784197773
1722304721,1917294518
1917439864,1917255961
1877555062,1836377951
1788363720,1786814748
1894871398,1894925991
1840854827,1841127782
1774495216,1718786539
1917255684,1525468084
1837318547,1814678667
1793784354,1717355820
1795698400,1917293746
1822822677,1917336698
1728775473,1917365140
1810792233,1810507027
1784813159,1784322099
1917255816,1719166503
1899010993,1793671275
1800922457,1800298326
1784584452,1917336067
1852577554,1842736805
1720185086,1917257739
1822027010,1820983424
1795558338,1917306292
1804269438,1803554864
1798219338,1917336481
1804618603,1917302495
1786680049,1917365102
1784372563,1917255748
1842272158,1722623074
1810872906,1917336699
1799166719,1794337075
1797850558,1917255828
1806298377,1917336429
1791789634,1917336719
1823364389,1822100261
1818029863,1715064319
1720403137,1917336459
1831793895,1917336576
1917398200,1790852330
1855866332,1855677140
1782906121,1782747360
1917255987,1721769388
1851686703,1851547771
1834279335,1917421629
1917255987,1917397939
1842147285,1827850303
1832520380,1917258277
1917407384,1715151320
1917398158,1917413447
1715411310,1917302906
1850867816,1896670969
1917397870,1917411215
1793507389,1917255858
1917255816,1917336514
1846066102,1917336520
1917300345,1917300880
1802153449,1917296251
1793784354,1781603558
1728732002,1775671274
1917407397,1917411381
1786488418,1783848891
1916144401,1915170001
1785487333,1917255879
1917255731,1723018773
1717257252,1917365333
1917255987,1917398096
1835742569,1796397703
1887014732,1780266518
1799202265,1713146859
1785033555,1917255904
1781305456,1917365066
1917255987,1917458942
1844258929,1917437859
1856677851,1856502336
1717855670,1917336041
1877934766,1876311229
1837134468,1917336318
1779652886,1779404162
1847795630,1917303085
1834149888,1917257816
1785670350,1784363525
1883027136,1785776869
1822608341,1819743868
1799045665,1730153040
1813614450,1917255767
1917255987,1841673601
1837318547,1804675187
1835058063,1803227637
1917410919,1791438041
1826733101,1898606618
1834885696,1782511954
1917255987,1917398180
1840951134,1839116791
1917255987,1836128803
1797105020,1796309943
1917255987,1917397849
1917397853,1787450745
1917255749,1917255938
1743275711,1917454276
1826813922,1878658667
1876193813,1917299709
1917255987,1917398165
1780646333,1790232503
1844764821,1917257547
1796263703,1796251893
1782873326,1719166503
1909744675,1908563288
1828859553,1917336457
1847861816,1717133739
1836102288,1917296383
1782980798,1917261043
1917365225,1856808702
1783635794,1783199480
1726711369,1726224382
1917302278,1870384836
1841705843,1841429298
1850907108,1842695912
1717688844,1717565894
1917255987,1795462355
1820509828,1812319542
1820239587,1816140494
1847588320,1724816468
1917255987,1851734835
1841705843,1839830037
1814457759,1917303155
1804327899,1917336741
1787655502,1783902665
1858127329,1917305250
1793810967,1917304268
1792242982,1833605653
1821556335,1821278946
1808208863,1917365094
1917255796,1917407794
1823364389,1917259169
1917365351,1739473604
1917336728,1812551140
1879006639,1917336598
1834136959,1917297358
1917407411,1789662104
1917303085,1917398032
1841216569,1839143312
1807067770,1917259774
1917365351,1917428737
1898606618,1810235787
1798945571,1917255936
1782733675,1781335321
1917410919,1791565402
1890772749,1890247212
1825578667,1824119445
1723663216,1917255920
1917308098,1707540282
1850907108,1917255927
1818155827,1917336456
1722532315,1722275458
1785610421,1096857351
1797966025,1917336167
1847588320,1827888897
1917303085,1872311280
1917255987,1917398040
1837134468,1917297501
1788449405,1789592363
1799287597,1917255887
1832053663,1917336726
1798219338,1917336440
1917255987,1917397930
1798365818,1917336047
1721845401,1917294518
1836417862,1917458510
1744234978,1744090598
1837740588,1837011082
1825784801,1803227637
1917303578,1780541620
1846152490,1917397297
1813825829,1813104132
1786107136,1784739211
1787374245,1917336579
1917255987,1784344864
1791397253,1789580456
1720483308,1917304021
1800875600,1800625809
1917255987,1917397998
1808264333,1917260187
1917336413,1788539315
1801958054,1800908342
1837482229,1832982279
1917255987,1917397948
1834440577,1917255683
1781343747,1917365113
1835262368,1834586675
1823424323,1917336508
1786220958,1917365348
1845874145,1843027515
1781405239,1917365107
1878658667,1782858930
1863848711,1793671275
1720483308,1917300880
1845896883,1917255905
1845874145,1917428596
1821583259,1820274434
1815456354,1788713543
1849838543,1917257428
1807719245,1917262594
1821686665,1917271225
1821556335,1821303242
1794645133,1917365064
1917297587,1718978769
1841119331,1841127782
1795540939,1783551799
1834136959,1917255732
1823364389,1917336662
1917255828,1795228204
1782735749,1782178607
1869732614,1917307998
1844898275,1917336324
1790286224,1789802192
1798043149,1917336047
1877929328,1917255940
1787644178,1917255715
1717688844,1717029146
1716055817,1716046036
1787056304,1917255910
1907263186,1902662171
1723990591,1728928391
1720168165,1917293985
1917255987,1917397808
1847071466,1845751489
1782873326,1781264068
1782216010,1917365106
1789462806,1917304458
1917365351,1720292007
1834316271,1917308266
1790845095,1789437555
1824827369,1917306257
1783511802,1783462021
1892977721,1890448752
1917255796,1917397807
1828986438,1917365096
1805320832,1805209278
1847861816,1719774109
1790628643,1917255916
1730792270,1775671274
1917255893,1783551799
1823364389,1792673319
1917255987,1807015023
1749691901,1917297466
1796187610,1795769509
1917365351,1917257547
1715599987,1917306525
1793958478,1792240728
1830136581,1917255987
1917365153,1726265867
1917397951,1917411484
1917255987,1917398202
1779604159,1779404162
1917365351,1780548878
1840563707,1841127782
1822564845,1917255963
1721488307,1917428255
1825578667,1822679307
1834878451,1917412078
1837318547,1834838040
1917255987,1917397771
1917255814,1783659655
1785269331,1917365222
1715031342,1917255777
1856028981,1855677140
1783046265,1917458897
1917255817,1792242982
1810984842,1917255970
1791789634,1785663129
1917255987,1785776869
1825375810,1917303085
1719139114,1718786539
1840805183,1841127782
1917255987,1917398015
1793784354,1783395534
1791420094,1790340970
1790388207,1790217648
1852400341,1842379746
1817193156,1917336535
1796627808,1917304505
1834829494,1917255779
1813263461,1810734692
1917262387,1783551799
1783903378,1917260769
1917397995,1715151320
1917297466,1714919713
1874553222,1843027515
1788449405,1917255833
1917255987,1798365192
1834149862,1917294903
1787056304,1785265246
1917398050,1760526313
1917255987,1917398158
1790628643,1917255875
1917255987,1917398026
1841429298,1917308608
1795522321,1917336074
1917410991,1917428309
1723502950,1722647378
1895782973,1917365274
1917255987,1917397995
1785904465,1783400087
1832454560,1917336436
1780747249,1714118110
1832601514,1832530251
1917365351,1755500819
1917255987,1917398225
1813219183,1917336666
1851905464,1874687757
1720186002,1917365095
1797931581,1917296063
1737065402,1917365331
1849967075,1917262407
1846737030,1724331363
1917457873,1851789079
1917255987,1797188101
1859550672,1874590601
1724457188,1723743567
1818876408,1818231374
1917255814,1785663129
1917255987,1917398241
1917255987,1834411449
1789443311,1917255745
1814399115,1917365304
1917336603,1917266196
1836306278,1917458510
1799047864,1798836011
1782182843,1781836380
1872320355,1917336600
1847733886,1917365111
1741661435,1917255908
1723502950,1718614557
1876299299,1917255743
1844671750,1917336630
1867582025,1917256005
1844258932,1917255756
1783747806,1917255910
1917398234,1797345087
1857901986,1856808702
1839101103,1917300371
1917428018,1917336782
1837176892,1836555746
1721007916,1720736602
1917255914,1917301030
1801971361,1917299029
1917255987,1792202504
1812600256,1917308074
1917421952,1781180307
1917336352,1917336749
1917255987,1834252059
1820188767,1917365216
1800221720,1761885313
1847920482,1917365100
1836241718,1917257392
1806867544,1917336512
1797076979,1917336122
1723059988,1917336517
1917297587,1784056806
1839868651,1838850863
1807770854,1917259161
1784921973,1784322099
1860502926,1792588556
1844377009,1835365962
1720657135,1717514663
1833976064,1907986737
1917397963,1782453851
1851865099,1917261642
1838747098,1917336552
1917255987,1917398168
1917255987,1783757451
1784348871,1782289098
1917255987,1917397812
1884430652,1917256011
1810771033,1795811310
1800180241,1917336353
1862799779,1917299748
1917255987,1917397943
1835058063,1917261064
1786228487,1917256862
1899010993,1785278890
1830731725,1917257620
1797339344,1797194895
1720657135,1718261580
1792215894,1910929676
1853466479,1917257729
1815430457,1815036071
1917255987,1917397838
1841983660,1874628515
1797335751,1792242982
1708186554,1917261312
1835042850,1917365115
1917255987,1917398189
1783866401,1917255856
1802848622,1917255753
1797922312,1917365291
1772913310,1917259344
1917365465,1723018773
1820188767,1899010993
1818249452,1814729984
1726817850,1716052363
1917404070,1715494875
1767976696,1917255881
1781529388,1917336073
1804327899,1778585982
1783411281,1897095401
1799140587,1795679839
1841419439,1874568749
1917255987,1787986852
1718196059,1717676302
1787857811,1784470145
1834121513,1917255849
1736021169,1917255896
1917255987,1848994775
1868743706,1827151601
1917255987,1917398246
1917255987,1782040033
1917255987,1800451180
1917255987,1917398188
1834393074,1917365101
1721233604,1720735201
1826733101,1899130063
1917365351,1751500360
1917303085,1917397810
1785088343,1917307482
1782458208,1917255856
1781305456,1917336490
1721339908,1719821117
1917255987,1917397783
1917255987,1917397841
1824097965,1822100265
1836241718,1917296383
1716179157,1917304651
1850109278,1917257816
1845896883,1917397268
1917255987,1788251358
1911223775,1838333822
1810107924,1809898227
1801000968,1917365093
1917365351,1784374863
1860502926,1798071016
1722005863,1917255920
1796223558,1917300767
1917255987,1834505361
1814727872,1815135062
1917255987,1917398170
1845826344,1845721268
1819760349,1819626779
1823364389,1806050167
1793784354,1792490997
1882050467,1917257496
1781341201,1917336093
1717688844,1717211191
1819971691,1917255764
1917365351,1713016609
1917255987,1917398082
1858127592,1740040336
1856879829,1917255958
1819615743,1917336526
1719298499,1917336433
1917336389,1834580992
1834878451,1917411396
1877555062,1829899217
1846737030,1917255817
1917336372,1834199652
1820188767,1917297466
1839116666,1832708609
1723436749,1719066579
1873008554,1917365272
1849967075,1917336617
1917255987,1917398153
1801272974,1800270425
1790456722,1917365146
1837318547,1779926770
1821465781,1917257031
1907263186,1917336607
1837256924,1776112058
1790190512,1790082461
1788572273,1917365104
1917255987,1739473604
1888224594,1917255844
1721233604,1720403137
1851777319,1917336656
1844377009,1874673739
1816142451,1798011168
1788514023,1798761456
1788449405,1917336587
1838471674,1917263219
1783866397,1917255910
1725569966,1723803966
1855795205,1916331641
1783046265,1782330021
1917420048,1721809815
1917365225,1813164906
1826733101,1826309741
1917297466,1716052363
1917255987,1917397895
1917255987,1917398133
1816299526,1917255781
1785494383,1785140364
1839874896,1917336645
1814413243,1814237048
1840735143,1917336683
1917299709,1715151320
1840753418,1838730962
1784470082,1745010960
1878658667,1917365319
1786462162,1917308098
1782416843,1917454619
1917398000,1917458978
1791146701,1790504614
1722133429,1722102571
1829926657,1811172864
1786107136,1792414727
1723059988,1917365062
1722724482,1722560715
1877555062,1826153552
1917255987,1917398052
1726607735,1917308447
1841419439,1917397809
1781320801,1917303591
1718855212,1917255766
1806143165,1917295145
1731420827,1730810796
1823364389,1821821785
1884430652,1917255976
1837318547,1795138836
1840940412,1917255796
1721479693,1917294518
1898358722,1917307570
1917398158,1795687690
1917398305,1716185544
1782180282,1506402303
1716422103,1917255787
1796397656,1794228877
1788514023,1917255725
